p1,p2,c
205,205,white
205,51,white
51,158,white
158,94,white
94,170,white
170,48,white
48,19,white
19,53,white
53,22,white
22,101,white
101,28,white
28,167,white
167,54,white
54,194,white
194,68,white
68,214,white
214,60,white
60,185,white
185,67,white
67,210,white
210,66,white
66,178,white
178,56,white
56,174,white
174,45,white
45,162,white
162,52,white
52,186,white
186,60,white
60,189,white
189,53,white
197,197,yellow
197,56,yellow
56,226,yellow
226,71,yellow
71,220,yellow
220,77,yellow
77,233,yellow
233,72,yellow
72,224,yellow
224,66,yellow
66,167,yellow
167,48,yellow
48,196,yellow
196,47,yellow
47,193,yellow
193,53,yellow
53,184,yellow
184,68,yellow
68,187,yellow
187,62,yellow
62,192,yellow
192,47,yellow
47,193,yellow
193,59,yellow
165,165,brown
165,30,brown
30,1,brown
1,29,brown
29,241,brown
241,102,brown
102,64,brown
64,170,brown
170,32,brown
32,157,brown
157,26,brown
26,151,brown
151,29,brown
29,3,brown
3,116,brown
116,70,brown
70,21,brown
21,68,brown
68,112,brown
112,73,brown
73,104,brown
104,81,brown
81,204,brown
204,67,brown
67,113,brown
113,71,brown
71,105,brown
105,90,brown
90,129,brown
129,27,brown
27,8,brown
8,32,brown
32,148,brown
148,22,brown
22,81,brown
81,118,brown
118,28,brown
28,242,brown
242,101,brown
101,18,brown
18,145,brown
145,21,brown
21,74,brown
74,210,brown
210,51,brown
51,107,brown
107,25,brown
25,111,brown
111,69,brown
69,203,brown
203,80,brown
80,204,brown
204,48,brown
48,101,brown
101,27,brown
27,132,brown
132,29,brown
29,138,brown
138,28,brown
28,126,brown
126,29,brown
29,166,brown
166,37,brown
37,171,brown
171,34,brown
34,174,brown
174,35,brown
35,162,brown
162,27,brown
27,109,brown
109,61,brown
61,20,brown
20,146,brown
146,29,brown
29,123,brown
123,26,brown
26,106,brown
106,48,brown
48,207,brown
207,82,brown
82,206,brown
206,68,brown
68,198,brown
198,62,brown
62,200,brown
190,190,purple
190,48,purple
48,66,purple
66,235,purple
235,64,purple
64,57,purple
57,63,purple
63,52,purple
52,89,purple
89,220,purple
220,72,purple
72,221,purple
221,89,purple
89,30,purple
30,66,purple
66,53,purple
53,147,purple
147,37,purple
37,67,purple
67,0,purple
0,101,purple
101,20,purple
20,87,purple
87,25,purple
25,84,purple
84,39,purple
39,122,purple
122,58,purple
58,153,purple
153,38,purple
38,123,purple
123,57,purple
57,63,purple
63,174,purple
174,52,purple
52,81,purple
81,45,purple
45,66,purple
66,212,purple
212,55,purple
55,61,purple
61,54,purple
54,63,purple
63,185,purple
185,50,purple
50,124,purple
124,16,purple
16,121,purple
121,18,purple
18,106,purple
106,6,purple
6,63,purple
63,56,purple
56,192,purple
192,66,purple
66,48,purple
48,188,purple
188,67,purple
67,51,purple
51,148,purple
148,36,purple
36,79,purple
79,45,purple
45,74,purple
74,33,purple
33,88,purple
88,22,purple
22,114,purple
114,25,purple
25,101,purple
101,24,purple
24,132,purple
132,22,purple
22,85,purple
85,43,purple
43,68,purple
68,27,purple
27,117,purple
117,53,purple
53,64,purple
64,19,purple
19,124,purple
124,56,purple
56,154,purple
154,51,purple
51,96,purple
96,242,purple
242,92,purple
92,229,purple
229,75,purple
75,51,purple
51,92,purple
92,244,purple
244,68,purple
68,218,purple
218,73,purple
73,52,purple
52,65,purple
65,213,purple
213,62,purple
62,177,purple
177,65,purple
65,50,purple
50,195,purple
195,49,purple
49,79,purple
79,39,purple
39,152,purple
152,52,purple
52,204,purple
204,56,purple
56,207,purple
207,53,purple
53,64,purple
64,51,purple
51,120,purple
120,46,purple
46,69,purple
69,234,purple
234,93,purple
93,240,purple
240,92,purple
92,27,purple
27,139,purple
139,28,purple
28,87,purple
87,30,purple
30,86,purple
86,41,purple
41,78,purple
78,50,purple
50,170,purple
170,49,purple
49,164,purple
164,51,purple
51,64,purple
64,5,purple
5,103,purple
103,16,purple
16,118,purple
118,14,purple
14,67,purple
67,47,purple
47,84,purple
84,41,purple
41,130,purple
130,56,purple
56,113,purple
113,12,purple
12,68,purple
68,33,purple
33,93,purple
93,235,purple
235,89,purple
89,24,purple
24,116,purple
116,47,purple
47,67,purple
67,189,purple
189,51,purple
51,77,purple
77,42,purple
42,73,purple
73,46,purple
46,129,purple
129,22,purple
22,111,purple
111,52,purple
52,66,purple
66,2,purple
2,98,purple
53,192,white
192,54,white
54,195,white
195,68,white
68,200,white
200,56,white
56,201,white
201,65,white
65,220,white
220,70,white
70,221,white
221,65,white
65,204,white
204,57,white
57,177,white
177,49,white
49,175,white
175,65,white
65,205,white
205,84,white
84,8,white
8,101,white
101,16,white
16,100,white
100,24,white
24,110,white
110,25,white
25,160,white
160,46,white
46,181,white
181,67,white
67,225,white
59,186,yellow
186,68,yellow
68,179,yellow
179,45,yellow
45,177,yellow
177,66,yellow
66,204,yellow
204,50,yellow
50,207,yellow
207,72,yellow
72,229,yellow
229,70,yellow
70,219,yellow
219,75,yellow
75,223,yellow
223,70,yellow
70,210,yellow
210,73,yellow
73,213,yellow
213,60,yellow
60,182,yellow
182,68,yellow
68,188,yellow
188,46,yellow
200,44,brown
44,197,brown
197,63,brown
63,199,brown
199,45,brown
45,201,brown
201,66,brown
66,203,brown
203,68,brown
68,21,brown
21,101,brown
101,22,brown
22,99,brown
99,27,brown
27,156,brown
156,25,brown
25,152,brown
152,24,brown
24,84,brown
84,209,brown
209,85,brown
85,212,brown
212,52,brown
52,181,brown
181,49,brown
49,183,brown
183,53,brown
53,188,brown
188,58,brown
58,108,brown
108,55,brown
55,218,brown
218,90,brown
90,220,brown
220,88,brown
88,217,brown
217,86,brown
86,210,brown
210,85,brown
85,214,brown
214,87,brown
87,216,brown
216,89,brown
89,219,brown
219,91,brown
91,223,brown
223,94,brown
94,229,brown
229,97,brown
97,4,brown
4,114,brown
114,28,brown
28,136,brown
136,29,brown
29,124,brown
124,28,brown
28,121,brown
121,27,brown
27,128,brown
128,28,brown
28,133,brown
133,30,brown
30,161,brown
161,33,brown
33,150,brown
150,31,brown
31,158,brown
158,33,brown
33,152,brown
152,30,brown
30,145,brown
145,29,brown
29,134,brown
134,27,brown
27,98,brown
98,228,brown
228,95,brown
95,235,brown
235,96,brown
96,225,brown
225,95,brown
95,226,brown
226,96,brown
96,231,brown
231,99,brown
99,24,brown
98,8,purple
8,96,purple
96,243,purple
243,93,purple
93,35,purple
35,67,purple
67,51,purple
51,136,purple
136,27,purple
27,90,purple
90,29,purple
29,88,purple
88,27,purple
27,104,purple
104,4,purple
4,71,purple
71,44,purple
44,83,purple
83,49,purple
49,155,purple
155,55,purple
55,181,purple
181,66,purple
66,200,purple
200,58,purple
58,214,purple
214,70,purple
70,226,purple
226,65,purple
65,50,purple
50,139,purple
139,53,purple
53,205,purple
205,61,purple
61,177,purple
177,54,purple
54,146,purple
146,51,purple
51,113,purple
113,39,purple
39,67,purple
67,194,purple
194,65,purple
65,4,purple
4,102,purple
102,23,purple
23,84,purple
84,17,purple
17,67,purple
67,47,purple
47,128,purple
128,50,purple
50,148,purple
148,56,purple
56,167,purple
167,50,purple
50,115,purple
115,11,purple
11,100,purple
100,13,purple
13,68,purple
68,230,purple
230,67,purple
67,199,purple
199,50,purple
50,69,purple
69,249,purple
249,64,purple
64,8,purple
8,109,purple
109,20,purple
20,70,purple
70,45,purple
45,121,purple
121,50,purple
50,82,purple
82,16,purple
16,68,purple
68,49,purple
49,159,purple
159,57,purple
57,183,purple
183,65,purple
65,238,purple
238,95,purple
95,239,purple
239,65,purple
65,210,purple
210,54,purple
54,186,purple
186,50,purple
50,193,purple
193,56,purple
56,162,purple
162,55,purple
55,125,purple
125,39,purple
39,107,purple
107,42,purple
42,132,purple
132,49,purple
49,161,purple
161,57,purple
57,190,purple
190,67,purple
67,245,purple
245,95,purple
95,240,purple
240,64,purple
64,191,purple
191,50,purple
50,114,purple
114,41,purple
41,131,purple
131,50,purple
50,197,purple
197,53,purple
53,171,purple
171,62,purple
62,231,purple
231,67,purple
67,186,purple
186,65,purple
65,190,purple
190,51,purple
51,112,purple
112,39,purple
39,106,purple
106,34,purple
34,105,purple
105,36,purple
36,109,purple
109,37,purple
37,108,purple
108,38,purple
38,106,purple
106,35,purple
35,104,purple
104,32,purple
32,102,purple
102,14,purple
14,100,purple
100,12,purple
12,97,purple
97,246,purple
246,95,purple
95,247,purple
247,97,purple
97,7,purple
7,74,purple
74,227,purple
227,66,purple
66,182,purple
182,55,purple
55,145,purple
145,52,purple
52,205,purple
205,55,purple
55,153,purple
153,51,purple
51,118,purple
118,48,purple
48,134,purple
134,50,purple
50,150,purple
150,56,purple
56,195,purple
195,59,purple
59,172,purple
172,62,purple
62,219,purple
225,71,white
71,233,white
233,75,white
75,240,white
240,78,white
78,246,white
246,85,white
85,10,white
10,101,white
101,26,white
26,113,white
113,27,white
27,131,white
131,38,white
38,133,white
133,27,white
27,127,white
127,36,white
36,128,white
128,27,white
27,100,white
100,17,white
17,101,white
101,23,white
23,95,white
95,24,white
24,104,white
104,25,white
25,98,white
98,3,white
3,81,white
81,0,white
46,183,yellow
183,68,yellow
68,180,yellow
180,67,yellow
67,176,yellow
176,45,yellow
45,184,yellow
184,68,yellow
68,185,yellow
185,49,yellow
49,199,yellow
199,48,yellow
48,160,yellow
160,42,yellow
42,144,yellow
144,39,yellow
39,137,yellow
137,34,yellow
34,120,yellow
120,23,yellow
23,122,yellow
122,24,yellow
24,94,yellow
94,0,yellow
24,100,brown
100,239,brown
239,99,brown
99,26,brown
26,120,brown
120,28,brown
28,127,brown
127,29,brown
29,148,brown
148,30,brown
30,167,brown
167,36,brown
36,172,brown
172,42,brown
42,190,brown
190,58,brown
58,191,brown
191,40,brown
40,187,brown
187,56,brown
56,193,brown
193,42,brown
42,195,brown
195,60,brown
60,192,brown
192,57,brown
57,189,brown
189,41,brown
41,190,brown
190,39,brown
39,185,brown
185,38,brown
38,182,brown
182,37,brown
37,170,brown
170,33,brown
33,164,brown
164,36,brown
36,173,brown
173,34,brown
34,166,brown
166,32,brown
32,154,brown
154,31,brown
31,162,brown
162,32,brown
32,159,brown
159,33,brown
33,165,brown
165,35,brown
35,175,brown
175,36,brown
36,180,brown
180,37,brown
37,168,brown
168,35,brown
35,178,brown
178,36,brown
36,176,brown
176,35,brown
35,172,brown
172,34,brown
34,169,brown
169,33,brown
33,163,brown
163,32,brown
32,160,brown
160,31,brown
31,156,brown
156,30,brown
30,155,brown
155,26,brown
26,122,brown
122,28,brown
28,130,brown
130,27,brown
27,101,brown
101,23,brown
23,100,brown
100,25,brown
25,102,brown
102,26,brown
26,99,brown
99,25,brown
25,110,brown
110,0,brown
219,73,purple
73,222,purple
222,61,purple
61,219,purple
219,68,purple
68,221,purple
221,67,purple
67,187,purple
187,63,purple
63,175,purple
175,62,purple
62,208,purple
208,64,purple
64,223,purple
223,61,purple
61,180,purple
180,54,purple
54,201,purple
201,51,purple
51,169,purple
169,50,purple
50,164,purple
164,56,purple
56,208,purple
208,53,purple
53,159,purple
159,55,purple
55,183,purple
183,66,purple
66,197,purple
197,51,purple
51,163,purple
163,57,purple
57,166,purple
166,50,purple
50,194,purple
194,58,purple
58,216,purple
216,65,purple
65,192,purple
192,52,purple
52,143,purple
143,51,purple
51,140,purple
140,49,purple
49,137,purple
137,50,purple
50,198,purple
198,60,purple
60,220,purple
220,68,purple
68,222,purple
222,63,purple
63,206,purple
206,55,purple
55,156,purple
156,53,purple
53,196,purple
196,58,purple
58,168,purple
168,50,purple
50,187,purple
187,65,purple
65,228,purple
228,66,purple
66,195,purple
195,65,purple
65,178,purple
178,64,purple
64,211,purple
211,63,purple
63,189,purple
189,67,purple
67,192,purple
192,58,purple
58,203,purple
203,61,purple
61,176,purple
176,53,purple
53,198,purple
198,51,purple
51,192,purple
192,64,purple
64,181,purple
181,63,purple
63,179,purple
179,55,purple
55,207,purple
207,63,purple
63,212,purple
212,57,purple
57,214,purple
214,66,purple
66,185,purple
185,65,purple
65,189,purple
189,51,purple
51,200,purple
200,54,purple
54,178,purple
178,61,purple
61,172,purple
172,52,purple
52,203,purple
203,60,purple
60,199,purple
199,51,purple
51,165,purple
165,50,purple
50,190,purple
190,67,purple
67,193,purple
193,52,purple
52,194,purple
194,67,purple
67,215,purple
215,66,purple
66,186,purple
186,64,purple
64,209,purple
209,56,purple
56,210,purple
210,64,purple
64,188,purple
188,66,purple
66,217,purple
217,67,purple
67,191,purple
191,66,purple
66,184,purple
184,64,purple
64,182,purple
182,62,purple
62,179,purple
179,61,purple
61,204,purple
204,54,purple
54,202,purple
202,53,purple
53,175,purple
175,59,purple
59,173,purple
173,52,purple
52,195,purple
195,50,purple
50,196,purple
196,69,purple
69,237,purple
237,94,purple
94,238,purple
238,93,purple
93,239,purple
239,94,purple
94,242,purple
242,96,purple
96,244,purple
244,94,purple
94,241,purple
241,95,purple
95,243,purple
243,96,purple
96,248,purple
248,97,purple
97,0,purple
0,98,purple
98,11,purple
11,100,purple
100,12,purple
12,99,purple
99,9,purple
9,98,purple
98,0,purple
45,45,noir
45,99,noir
99,96,noir
96,94,noir
94,91,noir
91,95,noir
95,90,noir
90,87,noir
87,93,noir
93,20,noir
20,23,noir
23,4,noir
4,0,noir
0,3,noir
3,217,noir
217,220,noir
220,216,noir
216,212,noir
212,215,noir
215,209,noir
209,100,noir
100,102,noir
102,98,noir
98,101,noir
101,232,noir
232,235,noir
235,240,noir
240,43,noir
43,48,noir
48,42,noir
42,39,noir
39,41,noir
41,36,noir
36,34,noir
34,32,noir
32,35,noir
35,38,noir
38,34,noir
34,29,noir
29,106,noir
106,111,noir
111,116,noir
116,119,noir
119,122,noir
122,127,noir
127,130,noir
130,134,noir
134,131,noir
131,128,noir
128,123,noir
123,119,noir
119,122,noir
122,127,noir
127,132,noir
132,137,noir
137,142,noir
142,147,noir
147,151,noir
151,111,noir
111,106,noir
106,155,noir
155,160,noir
160,163,noir
163,159,noir
159,155,noir
155,160,noir
160,164,noir
164,167,noir
167,207,noir
207,201,noir
201,205,noir
205,7,noir
7,11,noir
11,16,noir
16,242,noir
242,246,noir
246,241,noir
241,248,noir
248,226,noir
226,230,noir
230,227,noir
227,222,noir
222,218,noir
218,224,noir
224,0,noir
0,245,noir
245,239,noir
239,233,noir
233,227,noir
227,231,noir
231,236,noir
236,230,noir
230,222,noir
222,215,noir
215,209,noir
209,5,noir
5,11,noir
11,19,noir
19,200,noir
200,195,noir
195,191,noir
191,185,noir
185,181,noir
181,184,noir
184,180,noir
180,173,noir
173,168,noir
168,164,noir
164,160,noir
160,165,noir
165,171,noir
171,176,noir
176,180,noir
180,184,noir
184,190,noir
190,193,noir
193,199,noir
199,191,noir
191,185,noir
185,180,noir
180,172,noir
172,103,noir
103,108,noir
108,114,noir
114,119,noir
119,123,noir
123,130,noir
130,135,noir
135,69,noir
69,98,noir
98,101,noir
101,97,noir
97,92,noir
92,30,noir
30,44,noir
44,186,noir
186,103,noir
103,202,noir
202,208,noir
208,6,noir
6,0,noir
0,5,noir
5,15,noir
15,217,noir
217,82,noir
82,77,noir
77,83,noir
83,89,noir
89,85,noir
85,79,noir
79,87,noir
87,94,noir
94,66,noir
66,27,noir
27,53,noir
53,32,noir
32,63,noir
63,100,noir
100,205,noir
205,199,noir
199,190,noir
190,184,noir
184,178,noir
178,142,noir
142,137,noir
137,144,noir
144,148,noir
148,153,noir
153,159,noir
159,164,noir
164,169,noir
169,107,noir
107,13,noir
13,207,noir
207,215,noir
215,242,noir
242,101,noir
101,108,noir
108,114,noir
114,121,noir
121,127,noir
127,132,noir
132,139,noir
139,23,noir
23,244,noir
244,0,noir
0,243,noir
243,211,noir
211,216,noir
216,223,noir
223,231,noir
231,238,noir
238,24,noir
24,202,noir
202,195,noir
195,201,noir
201,208,noir
208,200,noir
200,43,noir
43,29,noir
29,97,noir
97,74,noir
74,36,noir
36,189,noir
189,135,noir
135,114,noir
114,109,noir
109,116,noir
116,123,noir
123,129,noir
129,136,noir
136,142,noir
142,148,noir
148,153,noir
153,160,noir
160,167,noir
167,174,noir
174,147,noir
147,142,noir
142,71,noir
71,177,noir
177,103,noir
103,187,noir
187,101,noir
101,96,noir
96,91,noir
91,97,noir
97,78,noir
78,92,noir
92,70,noir
70,191,noir
191,185,noir
185,180,noir
180,173,noir
173,203,noir
203,21,noir
21,5,noir
5,42,noir
42,31,noir
31,183,noir
183,150,noir
150,144,noir
144,137,noir
137,130,noir
130,123,noir
123,117,noir
117,160,noir
160,153,noir
153,159,noir
159,152,noir
152,145,noir
145,151,noir
151,37,noir
37,72,noir
72,90,noir
90,83,noir
83,91,noir
91,98,noir
98,218,noir
218,2,noir
2,231,noir
231,239,noir
239,225,noir
225,51,noir
51,110,noir
110,164,noir
164,171,noir
171,106,noir
106,185,noir
185,193,noir
193,27,noir
27,47,noir
47,34,noir
34,45,noir
45,246,noir
246,10,noir
10,222,noir
222,241,noir
241,212,noir
212,220,noir
220,208,noir
208,176,noir
176,168,noir
168,160,noir
160,153,noir
153,111,noir
111,120,noir
120,127,noir
127,134,noir
134,162,noir
162,69,noir
69,100,noir
100,190,noir
190,182,noir
182,175,noir
175,28,noir
28,82,noir
82,91,noir
91,99,noir
99,76,noir
76,111,noir
111,120,noir
120,129,noir
129,136,noir
136,144,noir
144,108,noir
108,20,noir
20,197,noir
197,216,noir
216,17,noir
17,249,noir
249,230,noir
230,184,noir
184,27,noir
27,176,noir
176,168,noir
168,160,noir
160,39,noir
39,89,noir
89,77,noir
77,29,noir
29,49,noir
49,233,noir
233,247,noir
247,21,noir
21,195,noir
195,113,noir
113,136,noir
136,144,noir
144,153,noir
153,161,noir
161,113,noir
113,181,noir
181,58,noir
58,145,noir
145,152,noir
152,159,noir
159,170,noir
170,190,noir
190,178,noir
178,195,noir
195,100,noir
100,212,noir
212,227,noir
227,245,noir
245,5,noir
5,19,noir
19,206,noir
206,224,noir
224,196,noir
196,142,noir
142,134,noir
134,125,noir
125,116,noir
116,126,noir
126,105,noir
105,176,noir
176,201,noir
201,11,noir
11,221,noir
221,200,noir
200,180,noir
180,60,noir
60,100,noir
100,55,noir
55,28,noir
28,98,noir
98,82,noir
82,145,noir
145,136,noir
136,109,noir
109,164,noir
164,210,noir
210,4,noir
4,48,noir
48,30,noir
30,41,noir
41,6,noir
6,241,noir
241,2,noir
2,23,noir
23,193,noir
193,49,noir
49,236,noir
236,216,noir
216,99,noir
99,73,noir
73,176,noir
176,24,noir
24,189,noir
189,225,noir
225,239,noir
239,10,noir
10,232,noir
232,86,noir
86,95,noir
95,76,noir
76,91,noir
91,116,noir
116,128,noir
128,163,noir
163,152,noir
152,141,noir
141,130,noir
130,121,noir
121,42,noir
42,28,noir
28,65,noir
65,99,noir
99,71,noir
71,150,noir
150,169,noir
169,192,noir
192,105,noir
105,208,noir
208,45,noir
45,30,noir
30,60,noir
60,182,noir
182,107,noir
107,170,noir
170,149,noir
149,159,noir
159,140,noir
140,108,noir
108,154,noir
154,132,noir
132,72,noir
72,95,noir
95,85,noir
85,127,noir
127,113,noir
113,142,noir
142,152,noir
152,70,noir
70,97,noir
97,20,noir
20,205,noir
205,228,noir
228,18,noir
18,238,noir
238,26,noir
26,166,noir
166,204,noir
204,10,noir
10,228,noir
228,102,noir
102,172,noir
172,154,noir
154,68,noir
68,178,noir
178,22,noir
22,194,noir
194,168,noir
168,108,noir
108,201,noir
201,177,noir
177,215,noir
215,18,noir
18,209,noir
209,9,noir
9,241,noir
241,216,noir
216,146,noir
146,174,noir
174,123,noir
123,136,noir
136,153,noir
153,173,noir
173,20,noir
20,198,noir
198,57,noir
57,100,noir
100,64,noir
64,28,noir
28,52,noir
52,234,noir
234,102,noir
102,9,noir
9,241,noir
241,222,noir
222,50,noir
50,27,noir
27,40,noir
40,162,noir
162,111,noir
111,130,noir
130,167,noir
167,68,noir
68,159,noir
159,138,noir
138,121,noir
121,69,noir
69,185,noir
185,24,noir
24,144,noir
144,106,noir
106,205,noir
205,3,noir
3,211,noir
211,163,noir
163,215,noir
215,0,noir
0,212,noir
212,233,noir
233,249,noir
249,220,noir
220,13,noir
13,95,noir
95,80,noir
80,148,noir
148,131,noir
131,74,noir
74,97,noir
97,82,noir
82,33,noir
33,116,noir
116,132,noir
132,34,noir
34,91,noir
91,122,noir
122,180,noir
180,143,noir
143,112,noir
112,196,noir
196,222,noir
222,245,noir
245,23,noir
23,190,noir
190,22,noir
22,202,noir
202,175,noir
175,152,noir
152,179,noir
179,126,noir
126,97,noir
97,66,noir
66,100,noir
100,61,noir
61,28,noir
28,49,noir
49,2,noir
2,36,noir
36,195,noir
195,166,noir
166,200,noir
200,12,noir
12,237,noir
237,47,noir
47,170,noir
170,78,noir
78,221,noir
221,248,noir
248,225,noir
225,195,noir
195,117,noir
117,88,noir
88,187,noir
187,139,noir
139,119,noir
119,155,noir
155,131,noir
131,110,noir
110,30,noir
30,97,noir
97,77,noir
77,175,noir
175,145,noir
145,195,noir
195,14,noir
14,218,noir
218,103,noir
103,149,noir
149,172,noir
172,24,noir
24,158,noir
158,78,noir
78,28,noir
28,75,noir
75,193,noir
193,226,noir
226,13,noir
13,197,noir
197,95,noir
95,76,noir
76,128,noir
128,146,noir
146,122,noir
122,188,noir
188,27,noir
27,46,noir
46,11,noir
11,239,noir
239,17,noir
17,212,noir
212,95,noir
95,42,noir
42,244,noir
244,15,noir
15,182,noir
182,104,noir
104,214,noir
214,50,noir
50,226,noir
226,188,noir
188,92,noir
92,131,noir
131,90,noir
90,124,noir
124,165,noir
165,230,noir
230,203,noir
203,172,noir
172,106,noir
106,207,noir
207,165,noir
165,209,noir
209,11,noir
11,230,noir
230,0,noir
0,43,noir
43,3,noir
3,86,noir
86,118,noir
118,140,noir
140,82,noir
82,98,noir
98,46,noir
46,196,noir
196,74,noir
74,144,noir
144,111,noir
111,163,noir
163,25,noir
25,171,noir
171,204,noir
204,22,noir
22,164,noir
164,107,noir
107,184,noir
184,149,noir
149,211,noir
211,1,noir
1,219,noir
219,48,noir
48,229,noir
229,185,noir
185,141,noir
141,12,noir
12,220,noir
220,0,noir
0,35,noir
35,86,noir
86,133,noir
133,55,noir
55,136,noir
136,160,noir
160,115,noir
115,134,noir
134,161,noir
161,213,noir
213,237,noir
237,184,noir
184,73,noir
73,101,noir
101,83,noir
83,135,noir
135,56,noir
56,132,noir
132,162,noir
162,38,noir
38,96,noir
96,127,noir
127,149,noir
149,176,noir
176,23,noir
23,239,noir
239,211,noir
211,18,noir
18,233,noir
233,5,noir
5,209,noir
209,21,noir
21,193,noir
193,231,noir
231,7,noir
7,42,noir
42,246,noir
246,210,noir
210,101,noir
101,80,noir
80,169,noir
169,108,noir
108,204,noir
204,48,noir
48,6,noir
6,201,noir
201,29,noir
29,93,noir
93,42,noir
42,187,noir
187,76,noir
76,180,noir
180,150,noir
150,125,noir
125,159,noir
159,119,noir
119,71,noir
71,98,noir
98,75,noir
75,165,noir
165,104,noir
104,139,noir
139,115,noir
115,155,noir
155,207,noir
207,19,noir
19,181,noir
181,148,noir
148,110,noir
110,134,noir
134,191,noir
191,31,noir
31,109,noir
109,200,noir
200,231,noir
231,47,noir
47,9,noir
9,229,noir
229,176,noir
176,104,noir
104,15,noir
15,191,noir
191,118,noir
118,167,noir
167,109,noir
109,135,noir
135,58,noir
58,100,noir
100,224,noir
224,0,noir
0,213,noir
213,242,noir
242,18,noir
18,183,noir
183,102,noir
102,186,noir
186,141,noir
141,115,noir
115,173,noir
173,28,noir
28,169,noir
169,204,noir
204,4,noir
4,229,noir
229,43,noir
43,211,noir
211,99,noir
99,78,noir
78,30,noir
30,192,noir
192,147,noir
147,64,noir
64,100,noir
100,68,noir
68,176,noir
176,216,noir
216,17,noir
17,196,noir
196,105,noir
105,164,noir
164,89,noir
89,2,noir
2,210,noir
210,4,noir
4,39,noir
39,156,noir
156,128,noir
128,95,noir
95,32,noir
32,187,noir
187,227,noir
227,49,noir
49,191,noir
191,45,noir
45,205,noir
205,168,noir
168,70,noir
70,120,noir
120,147,noir
147,112,noir
112,161,noir
161,96,noir
96,189,noir
189,151,noir
151,123,noir
123,153,noir
153,79,noir
79,219,noir
219,14,noir
14,206,noir
206,239,noir
239,38,noir
38,90,noir
90,208,noir
208,164,noir
164,82,noir
82,218,noir
218,94,noir
94,19,noir
19,106,noir
106,174,noir
174,79,noir
79,220,noir
220,9,noir
9,233,noir
233,199,noir
199,46,noir
46,238,noir
238,44,noir
44,227,noir
227,12,noir
12,113,noir
113,160,noir
160,119,noir
119,149,noir
149,190,noir
190,71,noir
71,100,noir
100,76,noir
76,139,noir
139,200,noir
200,16,noir
16,96,noir
96,196,noir
196,21,noir
21,177,noir
177,145,noir
145,70,noir
70,186,noir
186,228,noir
228,40,noir
40,249,noir
249,216,noir
216,161,noir
161,110,noir
110,163,noir
163,131,noir
131,87,noir
87,202,noir
202,127,noir
127,157,noir
157,114,noir
114,142,noir
142,182,noir
182,245,noir
245,33,noir
33,93,noir
93,181,noir
181,108,noir
108,12,noir
12,228,noir
228,49,noir
49,203,noir
203,15,noir
15,217,noir
217,50,noir
50,220,noir
220,13,noir
13,223,noir
223,3,noir
3,41,noir
41,94,noir
94,129,noir
129,84,noir
84,34,noir
34,241,noir
241,22,noir
22,195,noir
195,19,noir
19,199,noir
199,236,noir
236,186,noir
186,98,noir
98,28,noir
28,75,noir
75,178,noir
178,144,noir
144,181,noir
181,7,noir
7,222,noir
222,171,noir
171,104,noir
104,185,noir
185,43,noir
43,242,noir
242,205,noir
205,105,noir
105,153,noir
153,69,noir
69,183,noir
183,74,noir
74,100,noir
100,69,noir
69,166,noir
166,205,noir
205,39,noir
39,163,noir
163,108,noir
108,137,noir
137,175,noir
175,31,noir
31,96,noir
96,206,noir
206,10,noir
10,230,noir
230,103,noir
103,157,noir
157,123,noir
123,179,noir
179,102,noir
102,237,noir
237,170,noir
170,107,noir
107,141,noir
141,90,noir
90,192,noir
192,233,noir
233,46,noir
46,239,noir
239,44,noir
44,247,noir
247,42,noir
42,203,noir
203,14,noir
14,218,noir
218,80,noir
80,151,noir
151,118,noir
118,31,noir
31,114,noir
114,146,noir
146,105,noir
105,178,noir
178,136,noir
136,187,noir
187,24,noir
24,161,noir
161,92,noir
92,39,noir
39,1,noir
1,211,noir
211,243,noir
243,204,noir
204,107,noir
107,138,noir
138,97,noir
97,33,noir
33,83,noir
83,144,noir
144,184,noir
184,71,noir
71,165,noir
165,206,noir
206,113,noir
113,152,noir
152,20,noir
20,190,noir
190,98,noir
98,35,noir
35,86,noir
86,37,noir
37,240,noir
240,198,noir
198,6,noir
6,206,noir
206,49,noir
49,222,noir
222,5,noir
5,202,noir
202,18,noir
18,211,noir
211,163,noir
163,72,noir
72,139,noir
139,93,noir
93,130,noir
130,164,noir
164,210,noir
210,244,noir
244,36,noir
36,152,noir
152,120,noir
120,225,noir
225,104,noir
104,148,noir
148,191,noir
191,234,noir
234,174,noir
174,74,noir
74,136,noir
136,21,noir
21,120,noir
120,188,noir
188,23,noir
23,181,noir
181,73,noir
73,158,noir
158,122,noir
122,216,noir
216,16,noir
16,91,noir
91,126,noir
126,171,noir
171,22,noir
22,189,noir
189,102,noir
102,238,noir
238,39,noir
39,89,noir
89,143,noir
143,24,noir
24,175,noir
175,109,noir
109,177,noir
177,228,noir
228,11,noir
11,221,noir
221,8,noir
8,195,noir
195,144,noir
144,71,noir
71,193,noir
193,147,noir
147,81,noir
81,225,noir
225,19,noir
19,208,noir
208,29,noir
29,106,noir
106,142,noir
142,184,noir
184,124,noir
124,77,noir
77,29,noir
29,98,noir
98,38,noir
38,194,noir
194,20,noir
20,180,noir
180,26,noir
26,168,noir
168,129,noir
129,73,noir
73,189,noir
189,235,noir
235,115,noir
115,30,noir
30,97,noir
97,140,noir
140,182,noir
182,5,noir
5,209,noir
209,88,noir
88,164,noir
164,127,noir
127,83,noir
83,194,noir
194,248,noir
248,37,noir
37,157,noir
157,14,noir
14,226,noir
226,12,noir
12,208,noir
208,104,noir
104,186,noir
186,80,noir
80,166,noir
166,110,noir
110,152,noir
152,117,noir
117,169,noir
169,128,noir
128,75,noir
75,171,noir
171,68,noir
68,174,noir
174,25,noir
25,197,noir
197,19,noir
19,210,noir
210,4,noir
4,212,noir
212,91,noir
91,140,noir
140,198,noir
198,133,noir
133,201,noir
201,46,noir
46,217,noir
217,15,noir
15,94,noir
94,134,noir
134,196,noir
196,27,noir
27,167,noir
167,102,noir
102,194,noir
194,146,noir
146,99,noir
99,45,noir
45,225,noir
225,16,noir
16,202,noir
202,244,noir
244,35,noir
35,240,noir
240,42,noir
42,244,noir
244,198,noir
198,47,noir
47,237,noir
237,164,noir
164,214,noir
214,0,noir
0,41,noir
41,94,noir
94,32,noir
32,81,noir
81,133,noir
133,70,noir
70,160,noir
160,113,noir
113,165,noir
165,77,noir
77,177,noir
177,31,noir
31,80,noir
80,155,noir
155,219,noir
219,117,noir
117,154,noir
154,73,noir
73,195,noir
195,143,noir
143,216,noir
216,159,noir
159,121,noir
121,199,noir
199,17,noir
17,213,noir
213,1,noir
1,91,noir
91,39,noir
39,233,noir
233,175,noir
175,126,noir
126,77,noir
77,131,noir
131,82,noir
82,222,noir
222,48,noir
48,235,noir
235,187,noir
187,28,noir
28,179,noir
179,21,noir
21,205,noir
205,13,noir
13,106,noir
106,145,noir
145,24,noir
24,164,noir
164,121,noir
121,31,noir
31,95,noir
95,18,noir
18,191,noir
191,6,noir
6,208,noir
208,102,noir
102,205,noir
205,157,noir
157,79,noir
79,31,noir
31,112,noir
112,162,noir
162,212,noir
212,2,noir
2,87,noir
87,153,noir
153,109,noir
109,167,noir
167,224,noir
224,110,noir
110,174,noir
174,85,noir
85,227,noir
227,48,noir
48,210,noir
210,100,noir
100,219,noir
219,139,noir
139,184,noir
184,240,noir
240,101,noir
101,189,noir
189,119,noir
119,165,noir
165,83,noir
83,130,noir
130,72,noir
72,141,noir
141,197,noir
197,245,noir
245,37,noir
37,89,noir
89,150,noir
150,76,noir
76,170,noir
170,105,noir
105,183,noir
183,248,noir
248,42,noir
42,234,noir
234,34,noir
34,236,noir
236,106,noir
106,177,noir
177,70,noir
70,171,noir
171,116,noir
116,156,noir
156,206,noir
206,2,noir
2,210,noir
210,44,noir
44,98,noir
98,147,noir
147,105,noir
105,14,noir
14,193,noir
193,46,noir
46,222,noir
222,134,noir
134,85,noir
85,162,noir
162,215,noir
215,102,noir
102,239,noir
239,43,noir
43,230,noir
230,48,noir
48,236,noir
236,185,noir
185,239,noir
239,38,noir
38,243,noir
243,43,noir
43,96,noir
96,220,noir
220,12,noir
12,169,noir
169,108,noir
108,182,noir
182,20,noir
20,185,noir
185,138,noir
138,73,noir
73,192,noir
192,104,noir
104,156,noir
156,218,noir
218,17,noir
17,192,noir
192,23,noir
23,178,noir
178,69,noir
69,158,noir
158,116,noir
116,203,noir
203,11,noir
11,94,noir
94,148,noir
148,69,noir
69,184,noir
184,105,noir
105,207,noir
207,49,noir
49,209,noir
209,5,noir
5,199,noir
199,14,noir
14,219,noir
219,13,noir
13,138,noir
138,84,noir
84,34,noir
34,115,noir
115,159,noir
159,114,noir
114,180,noir
180,24,noir
24,170,noir
170,127,noir
127,172,noir
172,29,noir
29,98,noir
98,32,noir
32,111,noir
111,165,noir
165,70,noir
70,142,noir
142,196,noir
196,246,noir
246,201,noir
201,118,noir
118,168,noir
168,68,noir
68,172,noir
172,125,noir
125,176,noir
176,231,noir
231,45,noir
45,237,noir
237,40,noir
40,93,noir
93,185,noir
185,121,noir
121,223,noir
223,44,noir
44,187,noir
187,19,noir
19,137,noir
137,186,noir
186,36,noir
36,154,noir
154,107,noir
107,229,noir
229,102,noir
102,197,noir
197,134,noir
134,200,noir
200,92,noir
92,40,noir
40,241,noir
241,44,noir
44,225,noir
225,99,noir
99,45,noir
45,218,noir
218,15,noir
15,197,noir
197,7,noir
7,190,noir
190,36,noir
36,87,noir
87,144,noir
144,80,noir
80,137,noir
137,188,noir
188,103,noir
103,10,noir
10,181,noir
181,21,noir
21,108,noir
108,175,noir
175,74,noir
74,188,noir
188,136,noir
136,75,noir
75,153,noir
153,206,noir
206,110,noir
110,243,noir
243,37,noir
37,160,noir
160,215,noir
215,18,noir
18,148,noir
148,97,noir
97,214,noir
214,19,noir
19,161,noir
161,113,noir
113,30,noir
30,96,noir
96,142,noir
142,90,noir
90,201,noir
201,19,noir
19,190,noir
190,135,noir
135,81,noir
81,150,noir
150,209,noir
209,3,noir
3,205,noir
205,7,noir
7,200,noir
200,47,noir
47,216,noir
216,158,noir
158,86,noir
86,206,noir
206,20,noir
20,189,noir
189,43,noir
43,232,noir
232,33,noir
33,82,noir
82,132,noir
132,76,noir
76,127,noir
127,178,noir
178,103,noir
103,192,noir
192,247,noir
247,195,noir
195,28,noir
28,183,noir
183,242,noir
242,38,noir
38,158,noir
158,71,noir
71,170,noir
170,117,noir
117,32,noir
32,178,noir
178,29,noir
29,97,noir
97,43,noir
43,233,noir
233,35,noir
35,86,noir
86,147,noir
147,71,noir
71,181,noir
181,122,noir
122,198,noir
198,22,noir
22,185,noir
185,120,noir
120,31,noir
31,196,noir
196,8,noir
8,124,noir
124,173,noir
173,111,noir
111,181,noir
181,69,noir
69,177,noir
177,24,noir
24,162,noir
162,111,noir
111,216,noir
216,16,noir
16,189,noir
189,136,noir
136,221,noir
221,160,noir
160,114,noir
114,191,noir
191,91,noir
91,6,noir
6,208,noir
208,96,noir
96,17,noir
17,215,noir
215,49,noir
49,212,noir
212,148,noir
148,91,noir
91,7,noir
7,207,noir
207,152,noir
152,76,noir
76,198,noir
198,18,noir
18,212,noir
212,147,noir
147,224,noir
224,50,noir
50,221,noir
221,95,noir
95,14,noir
14,202,noir
202,44,noir
44,228,noir
228,36,noir
36,88,noir
88,143,noir
143,10,noir
10,175,noir
175,236,noir
236,173,noir
173,105,noir
105,155,noir
155,73,noir
73,159,noir
159,1,noir
1,90,noir
90,38,noir
38,161,noir
161,72,noir
72,167,noir
167,79,noir
79,193,noir
193,134,noir
134,82,noir
82,149,noir
149,79,noir
79,141,noir
141,74,noir
74,157,noir
157,217,noir
217,104,noir
104,175,noir
175,23,noir
23,184,noir
184,241,noir
241,39,noir
39,238,noir
238,45,noir
45,240,noir
240,41,noir
41,225,noir
225,50,noir
50,229,noir
229,166,noir
166,110,noir
110,196,noir
196,19,noir
19,210,noir
210,10,noir
10,191,noir
191,136,noir
136,81,noir
81,32,noir
32,182,noir
182,106,noir
106,161,noir
161,112,noir
112,172,noir
172,70,noir
70,182,noir
182,75,noir
75,129,noir
129,201,noir
201,4,noir
4,203,noir
203,101,noir
101,194,noir
194,74,noir
74,151,noir
151,208,noir
208,22,noir
22,140,noir
140,80,noir
80,156,noir
156,75,noir
75,140,noir
140,218,noir
218,47,noir
47,208,noir
208,10,noir
10,200,noir
200,103,noir
103,193,noir
193,45,noir
45,226,noir
226,98,noir
98,44,noir
44,221,noir
221,83,noir
83,139,noir
139,81,noir
81,191,noir
191,248,noir
248,114,noir
114,170,noir
170,28,noir
28,174,noir
174,240,noir
240,104,noir
104,177,noir
177,124,noir
124,178,noir
178,118,noir
118,194,noir
194,10,noir
10,186,noir
186,20,noir
20,209,noir
209,95,noir
95,42,noir
42,236,noir
236,46,noir
46,224,noir
224,116,noir
116,179,noir
179,22,noir
22,193,noir
193,34,noir
34,84,noir
84,224,noir
224,105,noir
105,185,noir
185,69,noir
69,167,noir
167,25,noir
25,169,noir
169,77,noir
77,179,noir
179,123,noir
123,180,noir
180,109,noir
109,162,noir
162,105,noir
105,174,noir
174,8,noir
8,204,noir
204,103,noir
103,164,noir
164,71,noir
71,159,noir
159,222,noir
222,47,noir
47,232,noir
232,40,noir
40,237,noir
237,149,noir
149,90,noir
90,38,noir
38,225,noir
225,103,noir
103,182,noir
182,249,noir
249,190,noir
190,119,noir
119,217,noir
217,101,noir
101,233,noir
233,151,noir
151,78,noir
78,163,noir
163,104,noir
104,187,noir
187,70,noir
70,176,noir
176,22,noir
22,188,noir
188,37,noir
37,227,noir
227,135,noir
135,192,noir
192,35,noir
35,231,noir
231,48,noir
48,213,noir
213,145,noir
145,79,noir
79,150,noir
150,210,noir
210,92,noir
92,5,noir
5,200,noir
200,20,noir
20,195,noir
195,9,noir
9,203,noir
203,113,noir
113,171,noir
171,71,noir
71,174,noir
174,24,noir
24,183,noir
183,126,noir
126,0,noir
0,188,noir
188,17,noir
17,201,noir
201,121,noir
121,244,noir
244,183,noir
183,123,noir
123,186,noir
186,43,noir
43,235,noir
235,134,noir
134,76,noir
76,164,noir
164,85,noir
85,143,noir
143,217,noir
217,49,noir
49,229,noir
229,41,noir
41,236,noir
236,165,noir
165,81,noir
81,143,noir
143,73,noir
73,191,noir
191,85,noir
85,148,noir
148,216,noir
216,109,noir
109,168,noir
168,74,noir
74,180,noir
180,11,noir
11,205,noir
205,48,noir
48,217,noir
217,142,noir
142,207,noir
207,13,noir
13,202,noir
202,43,noir
43,219,noir
219,107,noir
107,173,noir
173,75,noir
75,135,noir
135,194,noir
194,21,noir
21,141,noir
141,82,noir
82,146,noir
146,87,noir
87,36,noir
36,230,noir
230,162,noir
162,91,noir
91,39,noir
39,224,noir
224,155,noir
155,72,noir
72,170,noir
170,23,noir
23,159,noir
159,37,noir
37,229,noir
229,44,noir
44,188,noir
188,102,noir
102,230,noir
230,154,noir
154,89,noir
89,151,noir
151,77,noir
77,154,noir
154,75,noir
75,166,noir
166,103,noir
103,211,noir
211,149,noir
149,214,noir
214,48,noir
48,207,noir
207,30,noir
30,175,noir
175,71,noir
71,132,noir
132,15,noir
15,192,noir
192,72,noir
72,157,noir
157,222,noir
222,42,noir
42,224,noir
224,125,noir
125,241,noir
241,113,noir
113,191,noir
191,44,noir
44,231,noir
231,41,noir
41,227,noir
227,103,noir
103,235,noir
235,47,noir
47,219,noir
219,46,noir
46,195,noir
195,134,noir
134,239,noir
239,128,noir
128,6,noir
6,198,noir
198,130,noir
130,199,noir
199,12,noir
12,203,noir
203,109,noir
109,171,noir
171,245,noir
245,180,noir
180,69,noir
69,183,noir
183,21,noir
21,156,noir
156,87,noir
87,149,noir
149,78,noir
78,166,noir
166,70,noir
70,179,noir
179,115,noir
115,190,noir
190,16,noir
16,196,noir
196,75,noir
75,167,noir
167,20,noir
20,184,noir
184,122,noir
122,241,noir
241,173,noir
173,68,noir
68,161,noir
161,86,noir
86,35,noir
35,217,noir
217,100,noir
100,220,noir
220,149,noir
149,84,noir
84,164,noir
164,18,noir
18,195,noir
195,80,noir
80,142,noir
142,74,noir
74,137,noir
137,234,noir
234,49,noir
49,211,noir
211,126,noir
126,7,noir
7,197,noir
197,132,noir
132,203,noir
203,38,noir
38,226,noir
226,42,noir
42,199,noir
199,104,noir
104,210,noir
210,32,noir
32,206,noir
206,108,noir
108,172,noir
172,14,noir
14,204,noir
204,111,noir
111,242,noir
242,172,noir
172,25,noir
25,181,noir
181,0,noir
0,132,noir
132,237,noir
237,162,noir
162,79,noir
79,147,noir
147,70,noir
70,184,noir
184,13,noir
13,198,noir
198,47,noir
47,223,noir
223,156,noir
156,71,noir
71,169,noir
169,69,noir
69,171,noir
171,20,noir
20,160,noir
160,81,noir
81,152,noir
152,88,noir
88,155,noir
155,76,noir
76,165,noir
165,26,noir
26,179,noir
179,2,noir
2,122,noir
122,187,noir
187,3,noir
3,121,noir
121,188,noir
188,8,noir
8,196,noir
196,133,noir
133,202,noir
202,15,noir
15,194,noir
194,29,noir
29,176,noir
176,107,noir
107,181,noir
181,104,noir
104,224,noir
224,113,noir
113,179,noir
179,75,noir
75,155,noir
155,225,noir
225,43,noir
43,221,noir
221,48,noir
48,215,noir
215,144,noir
144,80,noir
80,146,noir
146,72,noir
72,168,noir
168,78,noir
78,153,noir
153,227,noir
227,45,noir
45,190,noir
190,92,noir
92,194,noir
194,73,noir
73,185,noir
185,103,noir
103,207,noir
207,46,noir
46,215,noir
215,36,noir
36,191,noir
191,22,noir
22,180,noir
180,112,noir
112,184,noir
184,18,noir
18,187,noir
187,78,noir
78,174,noir
174,70,noir
70,159,noir
159,89,noir
89,206,noir
206,129,noir
129,222,noir
222,45,noir
45,224,noir
224,44,noir
44,218,noir
218,49,noir
49,212,noir
212,146,noir
146,239,noir
239,114,noir
114,201,noir
201,16,noir
16,148,noir
148,79,noir
79,152,noir
152,73,noir
73,145,noir
145,214,noir
214,123,noir
123,0,noir
0,161,noir
161,23,noir
23,186,noir
186,33,noir
33,194,noir
194,9,noir
9,187,noir
187,103,noir
103,196,noir
196,14,noir
14,197,noir
197,131,noir
131,204,noir
204,90,noir
90,163,noir
163,86,noir
86,166,noir
166,73,noir
73,180,noir
180,1,noir
1,120,noir
120,189,noir
189,116,noir
116,246,noir
246,138,noir
138,219,noir
219,137,noir
137,220,noir
220,49,noir
49,230,noir
230,101,noir
101,214,noir
214,38,noir
38,209,noir
209,127,noir
127,247,noir
247,167,noir
167,83,noir
83,150,noir
150,236,noir
236,133,noir
133,4,noir
4,130,noir
130,200,noir
200,18,noir
18,176,noir
176,69,noir
69,160,noir
160,238,noir
238,108,noir
108,180,noir
180,105,noir
105,186,noir
186,19,noir
19,194,noir
194,45,noir
45,209,noir
209,102,noir
102,231,noir
231,157,noir
157,87,noir
87,205,noir
205,33,noir
33,180,noir
180,70,noir
70,187,noir
187,93,noir
93,197,noir
197,124,noir
124,243,noir
243,170,noir
170,74,noir
74,158,noir
158,72,noir
72,190,noir
190,11,noir
11,193,noir
193,20,noir
20,153,noir
153,82,noir
82,151,noir
151,234,noir
234,135,noir
135,228,noir
228,103,noir
103,213,noir
213,49,noir
49,226,noir
226,154,noir
154,248,noir
248,115,noir
115,200,noir
200,30,noir
30,174,noir
174,72,noir
72,183,noir
183,23,noir
23,168,noir
168,81,noir
81,154,noir
154,78,noir
78,164,noir
164,15,noir
15,195,noir
195,17,noir
17,189,noir
189,21,noir
21,199,noir
199,40,noir
40,200,noir
200,91,noir
91,169,noir
169,75,noir
75,157,noir
157,70,noir
70,175,noir
175,78,noir
78,150,noir
150,4,noir
4,183,noir
183,107,noir
107,207,noir
207,129,noir
129,237,noir
237,126,noir
126,223,noir
223,46,noir
46,216,noir
216,144,noir
144,16,noir
16,178,noir
178,27,noir
27,171,noir
171,90,noir
90,177,noir
177,69,noir
69,182,noir
182,34,noir
34,203,noir
203,112,noir
112,192,noir
192,122,noir
122,4,noir
4,179,noir
179,12,noir
12,160,noir
160,87,noir
87,162,noir
162,68,noir
68,169,noir
169,245,noir
245,112,noir
112,209,noir
209,42,noir
42,212,noir
212,141,noir
141,217,noir
217,45,noir
45,220,noir
220,140,noir
140,231,noir
231,153,noir
153,76,noir
76,156,noir
156,73,noir
73,173,noir
173,22,noir
22,182,noir
182,24,noir
24,166,noir
166,84,noir
84,197,noir
197,75,noir
75,184,noir
184,106,noir
106,238,noir
238,118,noir
118,231,noir
231,130,noir
130,205,noir
205,127,noir
127,7,noir
7,176,noir
176,71,noir
71,186,noir
186,11,noir
11,142,noir
142,216,noir
216,49,noir
49,214,noir
214,47,noir
47,221,noir
221,107,noir
107,232,noir
232,152,noir
152,77,noir
77,155,noir
155,74,noir
74,172,noir
172,89,noir
89,178,noir
178,5,noir
5,136,noir
136,12,noir
12,185,noir
185,21,noir
21,192,noir
192,120,noir
120,195,noir
195,32,noir
32,198,noir
198,47,noir
47,199,noir
199,117,noir
117,202,noir
202,39,noir
39,206,noir
206,87,noir
87,165,noir
165,246,noir
246,168,noir
168,76,noir
76,171,noir
171,80,noir
80,161,noir
161,69,noir
69,184,noir
184,104,noir
104,234,noir
234,147,noir
147,249,noir
249,116,noir
116,241,noir
241,159,noir
159,71,noir
71,178,noir
178,24,noir
24,163,noir
163,85,noir
85,192,noir
192,33,noir
33,181,noir
181,86,noir
86,173,noir
173,72,noir
72,185,noir
185,102,noir
102,191,noir
191,16,noir
16,193,noir
193,119,noir
119,244,noir
244,143,noir
143,227,noir
227,141,noir
141,218,noir
218,48,noir
48,211,noir
211,102,noir
102,232,noir
232,127,noir
127,6,noir
6,132,noir
132,221,noir
221,135,noir
135,244,noir
244,113,noir
113,246,noir
246,128,noir
128,208,noir
208,46,noir
46,196,noir
196,119,noir
119,223,noir
223,148,noir
148,226,noir
226,104,noir
104,189,noir
189,37,noir
37,190,noir
190,17,noir
17,187,noir
187,22,noir
22,175,noir
175,72,noir
72,153,noir
153,1,noir
1,145,noir
145,224,noir
224,109,noir
109,205,noir
205,116,noir
116,236,noir
236,111,noir
111,193,noir
193,30,noir
30,183,noir
183,19,noir
19,175,noir
175,69,noir
69,179,noir
179,88,noir
88,204,noir
204,40,noir
40,201,noir
201,84,noir
84,170,noir
170,81,noir
81,192,noir
192,32,noir
32,181,noir
181,77,noir
77,164,noir
164,247,noir
247,155,noir
155,21,noir
21,159,noir
159,69,noir
69,181,noir
181,85,noir
85,167,noir
167,82,noir
82,185,noir
185,34,noir
34,191,noir
191,72,noir
72,156,noir
156,243,noir
243,122,noir
122,222,noir
222,127,noir
127,210,noir
210,94,noir
94,212,noir
212,133,noir
133,10,noir
10,139,noir
139,218,noir
218,108,noir
108,240,noir
240,132,noir
132,230,noir
230,137,noir
137,235,noir
235,130,noir
130,248,noir
248,163,noir
163,79,noir
79,173,noir
173,29,noir
29,186,noir
186,18,noir
18,188,noir
188,71,noir
71,157,noir
157,242,noir
242,110,noir
110,199,noir
199,116,noir
116,228,noir
228,139,noir
139,231,noir
231,124,noir
124,1,noir
1,119,noir
119,197,noir
197,118,noir
118,248,noir
248,148,noir
148,233,noir
233,138,noir
138,11,noir
11,172,noir
172,80,noir
80,189,noir
189,93,noir
93,193,noir
193,84,noir
84,183,noir
183,14,noir
14,145,noir
145,226,noir
226,144,noir
144,242,noir
242,123,noir
123,235,noir
235,107,noir
107,209,noir
209,105,noir
105,236,noir
236,136,noir
136,220,noir
220,133,noir
133,229,noir
229,103,noir
103,190,noir
190,35,noir
35,184,noir
184,22,noir
22,169,noir
169,73,noir
73,182,noir
182,19,noir
19,185,noir
185,30,noir
30,177,noir
177,6,noir
6,129,noir
129,8,noir
8,176,noir
176,77,noir
77,167,noir
167,23,noir
23,179,noir
179,74,noir
74,165,noir
165,68,noir
68,170,noir
170,70,noir
70,158,noir
158,1,noir
1,118,noir
118,198,noir
198,117,noir
117,223,noir
223,114,noir
114,202,noir
202,113,noir
113,208,noir
208,109,noir
109,237,noir
237,148,noir
148,5,noir
5,130,noir
130,215,noir
215,101,noir
101,218,noir
218,121,noir
121,246,noir
246,156,noir
156,3,noir
3,134,noir
134,228,noir
228,141,noir
141,249,noir
249,162,noir
162,71,noir
71,189,noir
189,87,noir
87,180,noir
180,21,noir
21,175,noir
175,9,noir
9,173,noir
173,26,noir
26,170,noir
170,15,noir
15,142,noir
142,227,noir
227,140,noir
140,243,noir
243,115,noir
115,206,noir
206,109,noir
109,211,noir
211,96,noir
96,213,noir
213,125,noir
125,0,noir
0,160,noir
160,70,noir
70,167,noir
167,73,noir
73,193,noir
193,102,noir
102,212,noir
212,126,noir
126,233,noir
233,103,noir
103,231,noir
231,120,noir
120,247,noir
247,116,noir
116,200,noir
200,102,noir
102,201,noir
201,115,noir
115,228,noir
228,129,noir
129,239,noir
239,111,noir
111,195,noir
195,74,noir
74,181,noir
181,20,noir
20,164,noir
164,69,noir
69,172,noir
172,23,noir
23,174,noir
174,11,noir
11,135,noir
135,238,noir
238,147,noir
147,17,noir
17,177,noir
177,76,noir
76,178,noir
178,14,noir
14,140,noir
140,229,noir
229,138,noir
138,247,noir
247,151,noir
151,19,noir
19,177,noir
177,28,noir
28,172,noir
172,75,noir
75,174,noir
174,20,noir
20,176,noir
176,31,noir
31,182,noir
182,85,noir
85,204,noir
204,110,noir
110,202,noir
202,91,noir
91,203,noir
203,89,noir
89,207,noir
207,114,noir
114,244,noir
244,111,noir
111,198,noir
198,83,noir
83,184,noir
184,79,noir
79,186,noir
186,70,noir
70,163,noir
163,7,noir
7,130,noir
130,221,noir
221,128,noir
128,229,noir
229,117,noir
117,249,noir
249,120,noir
120,222,noir
222,107,noir
107,211,noir
211,93,noir
93,198,noir
198,105,noir
105,213,noir
213,124,noir
124,215,noir
215,100,noir
100,216,noir
216,123,noir
123,2,noir
2,152,noir
152,9,noir
9,161,noir
161,17,noir
17,168,noir
168,69,noir
69,173,noir
173,12,noir
12,137,noir
137,232,noir
232,139,noir
139,237,noir
237,106,noir
106,208,noir
208,103,noir
103,199,noir
199,92,noir
92,201,noir
201,111,noir
111,203,noir
203,86,noir
86,190,noir
190,82,noir
82,194,noir
194,89,noir
89,208,noir
208,108,noir
108,239,noir
239,145,noir
145,241,noir
241,132,noir
132,9,noir
9,157,noir
157,2,noir
2,144,noir
144,243,noir
243,111,noir
111,225,noir
225,119,noir
119,0,noir
0,154,noir
154,5,noir
5,124,noir
124,234,noir
234,133,noir
133,239,noir
239,107,noir
107,213,noir
213,102,noir
102,202,noir
202,90,noir
90,205,noir
205,110,noir
110,207,noir
207,109,noir
109,217,noir
217,122,noir
122,3,noir
3,151,noir
151,7,noir
7,128,noir
128,237,noir
237,136,noir
136,233,noir
233,134,noir
134,238,noir
238,127,noir
127,230,noir
230,125,noir
125,4,noir
4,155,noir
155,12,noir
12,171,noir
171,24,noir
24,168,noir
168,13,noir
13,170,noir
170,21,noir
21,173,noir
173,24,noir
24,169,noir
169,16,noir
16,162,noir
162,18,noir
18,167,noir
167,14,noir
14,165,noir
165,21,noir
21,166,noir
166,19,noir
19,163,noir
163,15,noir
15,159,noir
159,13,noir
13,156,noir
156,10,noir
10,153,noir
153,6,noir
6,149,noir
149,4,noir
4,146,noir
146,0,noir
0,118,noir
118,218,noir
218,104,noir
104,219,noir
219,103,noir
103,209,noir
209,109,noir
109,241,noir
241,131,noir
131,234,noir
234,123,noir
123,221,noir
221,121,noir
121,224,noir
224,112,noir
112,226,noir
226,118,noir
118,222,noir
222,115,noir
115,247,noir
247,143,noir
143,245,noir
245,113,noir
113,215,noir
215,105,noir
105,216,noir
216,102,noir
102,210,noir
210,108,noir
108,212,noir
212,106,noir
106,214,noir
214,102,noir
102,217,noir
217,105,noir
105,220,noir
220,108,noir
108,223,noir
223,113,noir
113,227,noir
227,117,noir
117,230,noir
230,121,noir
121,233,noir
233,125,noir
125,236,noir
236,130,noir
130,240,noir
240,133,noir
133,243,noir
243,136,noir
136,245,noir
245,139,noir
139,248,noir
248,142,noir
142,0,noir
